{"stats":{"minecraft:used":{"minecraft:pink_concrete":1,"minecraft:orange_dye":1,"minecraft:yellow_dye":1,"minecraft:bedrock":232,"minecraft:green_concrete":1,"minecraft:purple_concrete":1,"minecraft:blue_dye":1,"minecraft:cherry_hanging_sign":12,"minecraft:light_blue_dye":4,"minecraft:orange_concrete":1,"minecraft:light_blue_concrete":1,"minecraft:command_block":34,"minecraft:heavy_weighted_pressure_plate":9,"minecraft:red_concrete":1,"minecraft:chain_command_block":13,"minecraft:yellow_concrete":2,"minecraft:cyan_dye":3,"minecraft:polished_blackstone_button":19,"minecraft:pink_dye":2,"minecraft:cherry_sign":1,"minecraft:red_dye":1,"minecraft:lime_dye":1,"minecraft:blue_concrete":1,"minecraft:deepslate":61,"minecraft:glow_ink_sac":9,"minecraft:purple_dye":2},"minecraft:custom":{"minecraft:time_since_rest":277458,"minecraft:crouch_one_cm":3844,"minecraft:deaths":2,"minecraft:sprint_one_cm":58532,"minecraft:play_time":334869,"minecraft:damage_taken":620,"minecraft:walk_one_cm":184645,"minecraft:sneak_time":2489,"minecraft:jump":447,"minecraft:leave_game":10,"minecraft:time_since_death":277452,"minecraft:total_world_time":334869,"minecraft:fly_one_cm":210363,"minecraft:fall_one_cm":7780},"minecraft:picked_up":{"minecraft:polished_blackstone_button":1}},"DataVersion":3465}