{"stats":{"minecraft:used":{"minecraft:orange_dye":2,"minecraft:bedrock":8,"minecraft:yellow_dye":2,"minecraft:blue_dye":2,"minecraft:cherry_hanging_sign":14,"minecraft:light_blue_dye":2,"minecraft:command_block":57,"minecraft:heavy_weighted_pressure_plate":9,"minecraft:cyan_dye":2,"minecraft:polished_blackstone_button":18,"minecraft:pink_dye":1,"minecraft:cherry_sign":10,"minecraft:red_dye":2,"minecraft:lime_dye":2,"minecraft:magenta_dye":1,"minecraft:glow_ink_sac":16,"minecraft:purple_dye":3},"minecraft:picked_up":{"minecraft:polished_blackstone_button":9,"minecraft:gravel":1,"minecraft:heavy_weighted_pressure_plate":1},"minecraft:dropped":{"minecraft:heavy_weighted_pressure_plate":1},"minecraft:custom":{"minecraft:time_since_rest":3912,"minecraft:crouch_one_cm":4038,"minecraft:sprint_one_cm":67585,"minecraft:play_time":78291,"minecraft:deaths":2,"minecraft:walk_one_cm":111448,"minecraft:sneak_time":1551,"minecraft:drop":1,"minecraft:jump":595,"minecraft:leave_game":1,"minecraft:time_since_death":3906,"minecraft:total_world_time":78291,"minecraft:fly_one_cm":270066,"minecraft:fall_one_cm":4865}},"DataVersion":3465}