{"stats":{"minecraft:picked_up":{"minecraft:polished_blackstone_button":1},"minecraft:used":{"minecraft:yellow_concrete":1,"minecraft:chain_command_block":7,"minecraft:polished_blackstone_button":9,"minecraft:bedrock":59,"minecraft:orange_concrete":1,"minecraft:command_block":16,"minecraft:deepslate":61,"minecraft:heavy_weighted_pressure_plate":3,"minecraft:red_concrete":1},"minecraft:custom":{"minecraft:jump":208,"minecraft:time_since_rest":51371,"minecraft:damage_taken":620,"minecraft:crouch_one_cm":907,"minecraft:leave_game":7,"minecraft:play_time":108782,"minecraft:sprint_one_cm":17441,"minecraft:time_since_death":51365,"minecraft:walk_one_cm":71105,"minecraft:deaths":2,"minecraft:sneak_time":1086,"minecraft:total_world_time":108782,"minecraft:fall_one_cm":7780,"minecraft:fly_one_cm":56239}},"DataVersion":3465}