{"stats":{"minecraft:used":{"minecraft:bedrock":8,"minecraft:polished_blackstone_button":8,"minecraft:cherry_hanging_sign":6,"minecraft:red_dye":1,"minecraft:glow_ink_sac":3,"minecraft:command_block":32},"minecraft:picked_up":{"minecraft:gravel":1},"minecraft:custom":{"minecraft:jump":355,"minecraft:time_since_rest":24302,"minecraft:crouch_one_cm":717,"minecraft:leave_game":1,"minecraft:play_time":24302,"minecraft:sprint_one_cm":38185,"minecraft:time_since_death":24302,"minecraft:walk_one_cm":42197,"minecraft:sneak_time":315,"minecraft:total_world_time":24302,"minecraft:fall_one_cm":4865,"minecraft:fly_one_cm":153343}},"DataVersion":3465}