{"stats":{"minecraft:mined":{"minecraft:grass":1},"minecraft:used":{"minecraft:orange_dye":2,"minecraft:bedrock":8,"minecraft:yellow_dye":2,"minecraft:blue_dye":2,"minecraft:cherry_hanging_sign":14,"minecraft:light_blue_dye":2,"minecraft:command_block":57,"minecraft:heavy_weighted_pressure_plate":9,"minecraft:cyan_dye":2,"minecraft:polished_blackstone_button":18,"minecraft:pink_dye":1,"minecraft:cherry_sign":10,"minecraft:red_dye":2,"minecraft:lime_dye":2,"minecraft:magenta_dye":1,"minecraft:glow_ink_sac":16,"minecraft:purple_dye":3},"minecraft:picked_up":{"minecraft:rotten_flesh":3,"minecraft:polished_blackstone_button":9,"minecraft:gravel":1,"minecraft:heavy_weighted_pressure_plate":1},"minecraft:dropped":{"minecraft:rotten_flesh":2,"minecraft:heavy_weighted_pressure_plate":1},"minecraft:killed_by":{"minecraft:zombie":4},"minecraft:custom":{"minecraft:time_since_rest":2371,"minecraft:crouch_one_cm":4328,"minecraft:damage_taken":1580,"minecraft:sprint_one_cm":76986,"minecraft:play_time":100414,"minecraft:deaths":29,"minecraft:walk_one_cm":114210,"minecraft:sneak_time":1831,"minecraft:mob_kills":2,"minecraft:drop":3,"minecraft:jump":788,"minecraft:damage_dealt":225,"minecraft:leave_game":2,"minecraft:time_since_death":2365,"minecraft:total_world_time":100414,"minecraft:fly_one_cm":376260,"minecraft:fall_one_cm":18760},"minecraft:killed":{"minecraft:zombie":2}},"DataVersion":3465}