{"stats":{"minecraft:picked_up":{"minecraft:gravel":1,"minecraft:heavy_weighted_pressure_plate":1,"minecraft:stone_pressure_plate":2,"minecraft:rotten_flesh":3,"minecraft:polished_blackstone_button":9},"minecraft:killed_by":{"minecraft:zombie":4},"minecraft:dropped":{"minecraft:heavy_weighted_pressure_plate":1,"minecraft:rotten_flesh":2,"minecraft:stone_pressure_plate":1,"minecraft:sand":1},"minecraft:killed":{"minecraft:zombie":2},"minecraft:custom":{"minecraft:time_since_rest":16493,"minecraft:sprint_one_cm":92411,"minecraft:walk_one_cm":171281,"minecraft:damage_taken":1580,"minecraft:mob_kills":2,"minecraft:drop":5,"minecraft:damage_dealt":225,"minecraft:swim_one_cm":887,"minecraft:fly_one_cm":412380,"minecraft:crouch_one_cm":5482,"minecraft:play_time":146092,"minecraft:deaths":30,"minecraft:sneak_time":2282,"minecraft:walk_under_water_one_cm":1977,"minecraft:jump":853,"minecraft:leave_game":11,"minecraft:time_since_death":16485,"minecraft:walk_on_water_one_cm":503,"minecraft:total_world_time":146092,"minecraft:fall_one_cm":19029},"minecraft:mined":{"minecraft:grass":1},"minecraft:used":{"minecraft:orange_dye":2,"minecraft:yellow_dye":2,"minecraft:cherry_hanging_sign":14,"minecraft:command_block":58,"minecraft:heavy_weighted_pressure_plate":9,"minecraft:cherry_sign":10,"minecraft:lime_dye":2,"minecraft:glow_ink_sac":16,"minecraft:purple_dye":3,"minecraft:bedrock":8,"minecraft:blue_dye":2,"minecraft:repeater":19,"minecraft:sand":2,"minecraft:light_blue_dye":2,"minecraft:cyan_dye":2,"minecraft:polished_blackstone_button":18,"minecraft:stone_pressure_plate":2,"minecraft:pink_dye":1,"minecraft:red_dye":2,"minecraft:magenta_dye":1}},"DataVersion":3465}