{"stats":{"minecraft:used":{"minecraft:orange_dye":2,"minecraft:bedrock":8,"minecraft:yellow_dye":2,"minecraft:blue_dye":2,"minecraft:cherry_hanging_sign":14,"minecraft:light_blue_dye":2,"minecraft:command_block":57,"minecraft:heavy_weighted_pressure_plate":9,"minecraft:cyan_dye":2,"minecraft:polished_blackstone_button":18,"minecraft:pink_dye":1,"minecraft:cherry_sign":10,"minecraft:red_dye":2,"minecraft:lime_dye":2,"minecraft:magenta_dye":1,"minecraft:glow_ink_sac":16,"minecraft:purple_dye":3},"minecraft:picked_up":{"minecraft:polished_blackstone_button":9,"minecraft:gravel":1,"minecraft:heavy_weighted_pressure_plate":1},"minecraft:dropped":{"minecraft:heavy_weighted_pressure_plate":1},"minecraft:killed_by":{"minecraft:zombie":3},"minecraft:custom":{"minecraft:time_since_rest":1452,"minecraft:crouch_one_cm":4121,"minecraft:damage_taken":730,"minecraft:sprint_one_cm":68327,"minecraft:play_time":90291,"minecraft:deaths":26,"minecraft:walk_one_cm":112238,"minecraft:sneak_time":1673,"minecraft:drop":1,"minecraft:jump":602,"minecraft:damage_dealt":9,"minecraft:leave_game":1,"minecraft:time_since_death":1445,"minecraft:total_world_time":90291,"minecraft:fly_one_cm":334046,"minecraft:fall_one_cm":8884}},"DataVersion":3465}