{"stats":{"minecraft:killed":{"minecraft:husk":2,"minecraft:zombie":2,"minecraft:spider":4,"minecraft:wither_skeleton":2},"minecraft:mined":{"minecraft:grass":1,"minecraft:sand":1,"minecraft:sugar_cane":2},"minecraft:picked_up":{"minecraft:crafting_table":1,"minecraft:cooked_beef":18,"minecraft:chainmail_boots":1,"minecraft:repeater":4,"minecraft:gravel":1,"minecraft:sand":21,"minecraft:chainmail_chestplate":1,"minecraft:stone_button":1,"minecraft:redstone":1,"minecraft:heavy_weighted_pressure_plate":1,"minecraft:string":5,"minecraft:stone_pressure_plate":2,"minecraft:command_block":1,"minecraft:rotten_flesh":3,"minecraft:stone_axe":1,"minecraft:polished_blackstone_button":9,"minecraft:chainmail_leggings":1,"minecraft:stone_pickaxe":1,"minecraft:chainmail_helmet":1,"minecraft:sugar_cane":4,"minecraft:oak_planks":37,"minecraft:iron_sword":1},"minecraft:custom":{"minecraft:time_since_rest":2282,"minecraft:sprint_one_cm":125393,"minecraft:damage_taken":2679,"minecraft:walk_one_cm":204342,"minecraft:mob_kills":10,"minecraft:drop":14,"minecraft:damage_dealt":2418,"minecraft:swim_one_cm":887,"minecraft:fly_one_cm":617976,"minecraft:crouch_one_cm":8728,"minecraft:play_time":178548,"minecraft:deaths":33,"minecraft:sneak_time":3366,"minecraft:walk_under_water_one_cm":4296,"minecraft:jump":1341,"minecraft:leave_game":14,"minecraft:walk_on_water_one_cm":2934,"minecraft:time_since_death":2274,"minecraft:total_world_time":178548,"minecraft:fall_one_cm":30942},"minecraft:killed_by":{"minecraft:zombie":4},"minecraft:used":{"minecraft:spider_spawn_egg":2,"minecraft:orange_dye":2,"minecraft:yellow_dye":2,"minecraft:cherry_hanging_sign":14,"minecraft:command_block":58,"minecraft:heavy_weighted_pressure_plate":9,"minecraft:redstone":1,"minecraft:oak_button":1,"minecraft:stone_button":1,"minecraft:sandstone":8,"minecraft:chainmail_helmet":1,"minecraft:iron_sword":45,"minecraft:lime_dye":2,"minecraft:cherry_sign":10,"minecraft:sugar_cane":4,"minecraft:glow_ink_sac":16,"minecraft:purple_dye":3,"minecraft:bedrock":8,"minecraft:blue_dye":2,"minecraft:repeater":22,"minecraft:sand":55,"minecraft:light_blue_dye":2,"minecraft:chainmail_boots":1,"minecraft:cyan_dye":2,"minecraft:polished_blackstone_button":18,"minecraft:cooked_beef":1,"minecraft:stone_pressure_plate":2,"minecraft:pink_dye":1,"minecraft:red_dye":2,"minecraft:magenta_dye":1,"minecraft:chainmail_leggings":1},"minecraft:dropped":{"minecraft:oak_button":1,"minecraft:heavy_weighted_pressure_plate":1,"minecraft:repeater":4,"minecraft:rotten_flesh":2,"minecraft:stone_pressure_plate":1,"minecraft:sand":4,"minecraft:redstone":1}},"DataVersion":3465}