{"stats":{"minecraft:picked_up":{"minecraft:repeater":2,"minecraft:gravel":1,"minecraft:sand":21,"minecraft:heavy_weighted_pressure_plate":1,"minecraft:string":3,"minecraft:stone_pressure_plate":2,"minecraft:rotten_flesh":3,"minecraft:polished_blackstone_button":9,"minecraft:sugar_cane":4},"minecraft:killed_by":{"minecraft:zombie":4},"minecraft:dropped":{"minecraft:heavy_weighted_pressure_plate":1,"minecraft:repeater":2,"minecraft:rotten_flesh":2,"minecraft:stone_pressure_plate":1,"minecraft:sand":3},"minecraft:killed":{"minecraft:husk":2,"minecraft:zombie":2,"minecraft:spider":3},"minecraft:custom":{"minecraft:time_since_rest":28493,"minecraft:sprint_one_cm":102507,"minecraft:walk_one_cm":188145,"minecraft:damage_taken":1709,"minecraft:mob_kills":7,"minecraft:drop":9,"minecraft:damage_dealt":1286,"minecraft:swim_one_cm":887,"minecraft:fly_one_cm":435632,"minecraft:crouch_one_cm":8556,"minecraft:play_time":158092,"minecraft:deaths":30,"minecraft:sneak_time":3039,"minecraft:walk_under_water_one_cm":2237,"minecraft:jump":947,"minecraft:leave_game":11,"minecraft:time_since_death":28485,"minecraft:walk_on_water_one_cm":2212,"minecraft:total_world_time":158092,"minecraft:fall_one_cm":19447},"minecraft:mined":{"minecraft:grass":1,"minecraft:sand":1,"minecraft:sugar_cane":2},"minecraft:used":{"minecraft:spider_spawn_egg":2,"minecraft:orange_dye":2,"minecraft:yellow_dye":2,"minecraft:cherry_hanging_sign":14,"minecraft:command_block":58,"minecraft:heavy_weighted_pressure_plate":9,"minecraft:redstone":1,"minecraft:stone_button":1,"minecraft:sandstone":6,"minecraft:iron_sword":18,"minecraft:cherry_sign":10,"minecraft:lime_dye":2,"minecraft:sugar_cane":4,"minecraft:glow_ink_sac":16,"minecraft:purple_dye":3,"minecraft:bedrock":8,"minecraft:blue_dye":2,"minecraft:repeater":21,"minecraft:sand":23,"minecraft:light_blue_dye":2,"minecraft:cyan_dye":2,"minecraft:polished_blackstone_button":18,"minecraft:cooked_beef":1,"minecraft:stone_pressure_plate":2,"minecraft:pink_dye":1,"minecraft:red_dye":2,"minecraft:magenta_dye":1}},"DataVersion":3465}