{"stats":{"minecraft:custom":{"minecraft:time_since_rest":96882,"minecraft:crouch_one_cm":2914,"minecraft:sprint_one_cm":19647,"minecraft:play_time":154293,"minecraft:deaths":2,"minecraft:damage_taken":620,"minecraft:walk_one_cm":110723,"minecraft:sneak_time":2035,"minecraft:jump":252,"minecraft:leave_game":8,"minecraft:time_since_death":96876,"minecraft:total_world_time":154293,"minecraft:fall_one_cm":7780,"minecraft:fly_one_cm":83572},"minecraft:picked_up":{"minecraft:polished_blackstone_button":1},"minecraft:used":{"minecraft:pink_concrete":1,"minecraft:bedrock":231,"minecraft:green_concrete":1,"minecraft:purple_concrete":1,"minecraft:light_blue_concrete":1,"minecraft:orange_concrete":1,"minecraft:command_block":31,"minecraft:heavy_weighted_pressure_plate":9,"minecraft:red_concrete":1,"minecraft:chain_command_block":13,"minecraft:yellow_concrete":2,"minecraft:polished_blackstone_button":17,"minecraft:blue_concrete":1,"minecraft:deepslate":61}},"DataVersion":3465}