{"stats":{"minecraft:used":{"minecraft:orange_dye":1,"minecraft:bedrock":8,"minecraft:yellow_dye":1,"minecraft:blue_dye":1,"minecraft:cherry_hanging_sign":14,"minecraft:light_blue_dye":2,"minecraft:command_block":32,"minecraft:cyan_dye":1,"minecraft:polished_blackstone_button":8,"minecraft:pink_dye":1,"minecraft:red_dye":1,"minecraft:lime_dye":1,"minecraft:glow_ink_sac":8,"minecraft:purple_dye":2},"minecraft:picked_up":{"minecraft:gravel":1},"minecraft:custom":{"minecraft:time_since_rest":36302,"minecraft:crouch_one_cm":972,"minecraft:sprint_one_cm":45971,"minecraft:play_time":36302,"minecraft:walk_one_cm":59660,"minecraft:sneak_time":377,"minecraft:jump":400,"minecraft:leave_game":1,"minecraft:time_since_death":36302,"minecraft:total_world_time":36302,"minecraft:fly_one_cm":162497,"minecraft:fall_one_cm":4865}},"DataVersion":3465}