{"stats":{"minecraft:dropped":{"minecraft:oak_wood":2,"minecraft:cobblestone":8},"minecraft:crafted":{"minecraft:oak_planks":8,"minecraft:crafting_table":2,"minecraft:furnace":1},"minecraft:used":{"minecraft:orange_dye":1,"minecraft:green_concrete":1,"minecraft:yellow_dye":1,"minecraft:cherry_hanging_sign":12,"minecraft:orange_concrete":1,"minecraft:command_block":34,"minecraft:heavy_weighted_pressure_plate":9,"minecraft:red_concrete":1,"minecraft:cherry_sign":1,"minecraft:lime_dye":1,"minecraft:glow_ink_sac":9,"minecraft:deepslate":61,"minecraft:purple_dye":2,"minecraft:bedrock":232,"minecraft:pink_concrete":1,"minecraft:purple_concrete":1,"minecraft:blue_dye":1,"minecraft:light_blue_concrete":1,"minecraft:light_blue_dye":4,"minecraft:crafting_table":2,"minecraft:chain_command_block":13,"minecraft:yellow_concrete":2,"minecraft:cyan_dye":3,"minecraft:polished_blackstone_button":19,"minecraft:pink_dye":2,"minecraft:red_dye":1,"minecraft:blue_concrete":1},"minecraft:custom":{"minecraft:time_since_rest":381389,"minecraft:walk_one_cm":195773,"minecraft:sprint_one_cm":73734,"minecraft:damage_taken":620,"minecraft:drop":2,"minecraft:interact_with_crafting_table":2,"minecraft:fly_one_cm":241055,"minecraft:crouch_one_cm":4406,"minecraft:play_time":438800,"minecraft:deaths":2,"minecraft:sneak_time":2786,"minecraft:jump":523,"minecraft:leave_game":11,"minecraft:time_since_death":381383,"minecraft:total_world_time":438800,"minecraft:fall_one_cm":7780},"minecraft:picked_up":{"minecraft:oak_wood":2,"minecraft:polished_blackstone_button":1,"minecraft:cobblestone":8}},"DataVersion":3465}