{"stats":{"minecraft:custom":{"minecraft:time_since_rest":129045,"minecraft:crouch_one_cm":3305,"minecraft:sprint_one_cm":21271,"minecraft:play_time":186456,"minecraft:deaths":2,"minecraft:damage_taken":620,"minecraft:walk_one_cm":138230,"minecraft:sneak_time":2146,"minecraft:jump":259,"minecraft:leave_game":9,"minecraft:time_since_death":129039,"minecraft:total_world_time":186456,"minecraft:fall_one_cm":7780,"minecraft:fly_one_cm":85053},"minecraft:picked_up":{"minecraft:polished_blackstone_button":1},"minecraft:used":{"minecraft:yellow_dye":1,"minecraft:orange_dye":1,"minecraft:pink_concrete":1,"minecraft:bedrock":231,"minecraft:green_concrete":1,"minecraft:purple_concrete":1,"minecraft:blue_dye":1,"minecraft:cherry_hanging_sign":12,"minecraft:light_blue_dye":4,"minecraft:light_blue_concrete":1,"minecraft:orange_concrete":1,"minecraft:command_block":31,"minecraft:heavy_weighted_pressure_plate":9,"minecraft:red_concrete":1,"minecraft:chain_command_block":13,"minecraft:yellow_concrete":2,"minecraft:cyan_dye":3,"minecraft:polished_blackstone_button":17,"minecraft:pink_dye":1,"minecraft:red_dye":1,"minecraft:lime_dye":1,"minecraft:blue_concrete":1,"minecraft:glow_ink_sac":8,"minecraft:deepslate":61,"minecraft:purple_dye":1}},"DataVersion":3465}