{"stats":{"minecraft:killed_by":{"minecraft:zombie":4},"minecraft:killed":{"minecraft:zombie":2},"minecraft:used":{"minecraft:orange_dye":2,"minecraft:bedrock":8,"minecraft:yellow_dye":2,"minecraft:blue_dye":2,"minecraft:cherry_hanging_sign":14,"minecraft:light_blue_dye":2,"minecraft:command_block":57,"minecraft:heavy_weighted_pressure_plate":9,"minecraft:cyan_dye":2,"minecraft:polished_blackstone_button":18,"minecraft:pink_dye":1,"minecraft:cherry_sign":10,"minecraft:red_dye":2,"minecraft:lime_dye":2,"minecraft:magenta_dye":1,"minecraft:glow_ink_sac":16,"minecraft:purple_dye":3},"minecraft:dropped":{"minecraft:rotten_flesh":2,"minecraft:heavy_weighted_pressure_plate":1},"minecraft:custom":{"minecraft:time_since_rest":7713,"minecraft:crouch_one_cm":4480,"minecraft:sprint_one_cm":77382,"minecraft:play_time":105756,"minecraft:deaths":29,"minecraft:damage_taken":1580,"minecraft:walk_one_cm":118306,"minecraft:sneak_time":1957,"minecraft:mob_kills":2,"minecraft:drop":3,"minecraft:jump":793,"minecraft:damage_dealt":225,"minecraft:leave_game":2,"minecraft:time_since_death":7707,"minecraft:total_world_time":105756,"minecraft:fall_one_cm":18760,"minecraft:fly_one_cm":378867},"minecraft:picked_up":{"minecraft:rotten_flesh":3,"minecraft:polished_blackstone_button":9,"minecraft:gravel":1,"minecraft:heavy_weighted_pressure_plate":1},"minecraft:mined":{"minecraft:grass":1}},"DataVersion":3465}