{
  "minecraft:recipes/decorations/crafting_table": {
    "criteria": {
      "unlock_right_away": "2024-10-09 23:51:08 +0000"
    },
    "done": true
  },
  "cataclysm:root": {
    "criteria": {
      "custom_test_name": "2024-10-09 23:51:08 +0000"
    },
    "done": true
  },
  "minecraft:adventure/adventuring_time": {
    "criteria": {
      "minecraft:snowy_taiga": "2024-10-10 01:42:08 +0000",
      "minecraft:deep_dark": "2024-10-10 01:42:35 +0000",
      "minecraft:plains": "2024-10-09 23:51:09 +0000"
    },
    "done": false
  },
  "create:root": {
    "criteria": {
      "0": "2024-10-10 02:07:27 +0000"
    },
    "done": true
  },
  "DataVersion": 3465
}